sex,pct_age1,pct_age2,pct_age3
male,32.72311213,62.24256293,5.034324943
female,22.37762238,35.66433566,41.95804196