sex,pct_age1,pct_age2,pct_age3
male,0.3272311213,0.6224256293,0.05034324943
female,0.2237762238,0.3566433566,0.4195804196